Episode Name,Series Name,Season,Last Played At
Chasing Amy,Brooklyn Nine-Nine,4,1/11/22 2:27
Cop Con,Brooklyn Nine-Nine,4,1/11/22 2:00
Moo Moo,Brooklyn Nine-Nine,4,1/9/22 23:43
The Last Ride,Brooklyn Nine-Nine,4,1/9/22 23:18
Serve and Protect,Brooklyn Nine-Nine,4,1/9/22 23:16
The Audit,Brooklyn Nine-Nine,4,1/9/22 22:57
"The Fugitive, Part 1",Brooklyn Nine-Nine,4,1/9/22 3:56
"The Fugitive, Part 2",Brooklyn Nine-Nine,4,1/9/22 3:35
Captain Latvia,Brooklyn Nine-Nine,4,1/8/22 4:48
The Overmining,Brooklyn Nine-Nine,4,1/8/22 1:43
Skyfire Cycle,Brooklyn Nine-Nine,4,1/8/22 0:18
Mr. Santiago,Brooklyn Nine-Nine,4,1/7/22 23:51
Monster in the Closet,Brooklyn Nine-Nine,4,1/7/22 23:24
Halloween IV,Brooklyn Nine-Nine,4,1/7/22 3:35
The Night Shift,Brooklyn Nine-Nine,4,1/7/22 3:05
"Coral Palms, Part 3",Brooklyn Nine-Nine,4,1/6/22 3:42
"Coral Palms, Part 1",Brooklyn Nine-Nine,4,1/6/22 0:52
Det. Dave Majors,Brooklyn Nine-Nine,2,1/5/22 4:33
Greg and Larry,Brooklyn Nine-Nine,3,1/5/22 1:34
Maximum Security,Brooklyn Nine-Nine,3,1/5/22 0:52
Paranoia,Brooklyn Nine-Nine,3,1/2/22 5:03
Terry Kitties,Brooklyn Nine-Nine,3,1/2/22 4:38
Cheddar,Brooklyn Nine-Nine,3,1/2/22 3:51
Adrian Pimento,Brooklyn Nine-Nine,3,12/31/21 4:10
House Mouses,Brooklyn Nine-Nine,3,12/31/21 3:06
The 9-8,Brooklyn Nine-Nine,3,12/31/21 1:34
Karen Peralta,Brooklyn Nine-Nine,3,12/30/21 4:10
The Cruise,Brooklyn Nine-Nine,3,12/29/21 16:22
9 Days,Brooklyn Nine-Nine,3,12/29/21 4:11
Parasite,N/A,N/A,12/29/21 2:24
Meth,Trafficked with Mariana van Zeller,2,12/29/21 1:46
Counterfeiting,Trafficked with Mariana van Zeller,1,12/29/21 1:43
Fentanyl,Trafficked with Mariana van Zeller,1,12/29/21 1:43
Hostage Situation,Brooklyn Nine-Nine,3,12/29/21 0:27
Yippie Kayak,Brooklyn Nine-Nine,3,12/28/21 20:28
The Swedes,Brooklyn Nine-Nine,3,12/28/21 19:57
Ava,Brooklyn Nine-Nine,3,12/27/21 23:48
The Mattress,Brooklyn Nine-Nine,3,12/27/21 23:00
Into the Woods,Brooklyn Nine-Nine,3,12/27/21 15:43
Halloween III,Brooklyn Nine-Nine,3,12/27/21 14:58
The Oolong Slayer,Brooklyn Nine-Nine,3,12/27/21 2:40
Boyle's Hunch,Brooklyn Nine-Nine,3,12/27/21 1:11
The Funeral,Brooklyn Nine-Nine,3,12/26/21 22:11
New Captain,Brooklyn Nine-Nine,3,12/26/21 21:44
Johnny and Dora,Brooklyn Nine-Nine,2,12/26/21 21:15
The Chopper,Brooklyn Nine-Nine,2,12/26/21 20:48
AC/DC,Brooklyn Nine-Nine,2,12/25/21 21:56
Sabotage,Brooklyn Nine-Nine,2,12/24/21 23:39
Captain Peralta,Brooklyn Nine-Nine,2,12/24/21 23:12
The Boyle-Linetti Wedding,Brooklyn Nine-Nine,2,12/23/21 23:31
The Wednesday Incident,Brooklyn Nine-Nine,2,12/23/21 20:43
Windbreaker City,Brooklyn Nine-Nine,2,12/23/21 20:15
The Defense Rests,Brooklyn Nine-Nine,2,12/22/21 1:01
Payback,Brooklyn Nine-Nine,2,12/21/21 0:57
Paul Rudd,Saturday Night Live,47,12/19/21 22:44
Beach House,Brooklyn Nine-Nine,2,12/18/21 5:37
Stakeout,Brooklyn Nine-Nine,2,12/18/21 3:35
Episode 1,The Great Christmas Light Fight,9,12/17/21 3:45
2 Hour Grand Finale Part 1 / 2 ,The Masked Singer,6,12/17/21 3:45
Hour Grand Finale Part 2,,,
The Pontiac Bandit Returns,Brooklyn Nine-Nine,2,12/16/21 3:32
The Road Trip,Brooklyn Nine-Nine,2,12/16/21 3:05
Uspis,Brooklyn Nine-Nine,2,12/15/21 4:24
Lockdown,Brooklyn Nine-Nine,2,12/15/21 3:48
Jake and Sophia,Brooklyn Nine-Nine,2,12/14/21 4:13
The Mole,Brooklyn Nine-Nine,2,12/14/21 3:43
Halloween II,Brooklyn Nine-Nine,2,12/14/21 1:37
The Jimmy Jab Games,Brooklyn Nine-Nine,2,12/14/21 1:25
Billie Eilish,Saturday Night Live,47,12/12/21 19:40
Chocolate Milk,Brooklyn Nine-Nine,2,12/12/21 4:37
Unsolvable,Brooklyn Nine-Nine,1,12/12/21 4:10
Undercover,Brooklyn Nine-Nine,2,12/12/21 0:41
Charges and Specs,Brooklyn Nine-Nine,1,12/11/21 23:27
The Apartment,Brooklyn Nine-Nine,1,12/11/21 4:05
Tactical Village,Brooklyn Nine-Nine,1,12/11/21 4:05
Fancy Brudgom,Brooklyn Nine-Nine,1,12/11/21 3:34
Before the Law,Fargo,2,12/11/21 2:57
Scams,Trafficked with Mariana van Zeller,1,12/11/21 1:12
Waiting for Dutch,Fargo,2,12/11/21 0:32
Mortons Fork,Fargo,1,12/10/21 4:13
"A Fox, a Rabbit, and a Cabbage",Fargo,1,12/10/21 1:09
Full Boyle,Brooklyn Nine-Nine,1,12/9/21 22:43
The Party,Brooklyn Nine-Nine,1,12/9/21 3:06
Operation: Broken Feather,Brooklyn Nine-Nine,1,12/9/21 2:57
Christmas,Brooklyn Nine-Nine,1,12/8/21 3:33
The Heap,Fargo,1,12/8/21 2:15
The Ebony Falcon,Brooklyn Nine-Nine,1,12/8/21 0:41
The Bet,Brooklyn Nine-Nine,1,12/8/21 0:14
Who Shaves the Barber?,Fargo,1,12/7/21 3:43
Pontiac Bandit,Brooklyn Nine-Nine,1,12/7/21 2:49
Buridan's Ass,Fargo,1,12/7/21 1:16
Thanksgiving,Brooklyn Nine-Nine,1,12/6/21 2:38
Episode 6,The Great Christmas Light Fight,9,12/4/21 18:13
Sal's Pizza,Brooklyn Nine-Nine,1,12/4/21 4:15
The Six Ungraspables,Fargo,1,12/4/21 3:44
Old School,Brooklyn Nine-Nine,1,12/4/21 2:07
A Saturday Night Live Thanksgiving,Saturday Night Live,47,12/4/21 2:05
Group a Finale,The Masked Singer,6,12/4/21 2:04
48 Hours,Brooklyn Nine-Nine,1,12/4/21 1:17
Halloween,Brooklyn Nine-Nine,1,12/3/21 23:22
Eating the Blame,Fargo,1,12/3/21 4:27
The Vulture,Brooklyn Nine-Nine,1,12/3/21 2:28
A Muddy Road,Fargo,1,12/3/21 1:55
The Rooster Prince,Fargo,1,12/2/21 3:22
The Crocodiles Dilemma,Fargo,1,12/2/21 0:22
M.E. Time,Brooklyn Nine-Nine,1,12/1/21 1:35
The Slump,Brooklyn Nine-Nine,1,12/1/21 1:07
The Tagger,Brooklyn Nine-Nine,1,12/1/21 0:36
Pilot,Brooklyn Nine-Nine,1,11/30/21 2:12
"The Big House, Part 1",Brooklyn Nine-Nine,5,11/29/21 4:01
Crime & Punishment,Brooklyn Nine-Nine,4,11/29/21 1:39
The Bank Job,Brooklyn Nine-Nine,4,11/29/21 0:38
The Slaughterhouse,Brooklyn Nine-Nine,4,11/27/21 22:44
"Glen Godwin, Eugene Palmer, and Jennifer Settle",America's Most Wanted,1,11/26/21 22:36
Episode 1,The Great Christmas Light Fight,5,11/26/21 22:00
"Maurice Nesbitt, Josephine Overaker, and Frederick Arias",America's Most Wanted,1,11/26/21 17:00
She Had a Bad Fall,Wild Crime,1,11/26/21 5:19
Your Honor,Brooklyn Nine-Nine,4,11/25/21 23:17
Selling Sunset vs. Bling Empire and Pentatonix vs. Wilson Philips,Celebrity Family Feud,7,11/24/21 4:02
Finale,Dancing With the Stars,30,11/24/21 4:02
Simu Liu,Saturday Night Live,47,11/23/21 19:35
Children of God,Cults and Extreme Belief,1,11/23/21 2:41
Cold Case Files: A Killer Slips ,Cold Case Files,1,11/23/21 2:41
Away,,,
Jehovah's Witnesses,Cults and Extreme Belief,1,11/22/21 13:55
NXIVM,Cults and Extreme Belief,1,11/22/21 0:39
The People vs. Purdue Pharma,Dopesick,1,11/20/21 5:24
The Great,The Great,1,11/20/21 2:33
Group B Semi-Final,The Masked Singer,6,11/19/21 4:13
Who Created Von Dutch?,The Curse of Von Dutch: A Brand to Die For,1,11/19/21 0:56
Semi-Finals,Dancing With the Stars,30,11/17/21 1:09
Toxic Love,ABC 20/20,40,11/16/21 1:32
Black Box Warning,Dopesick,1,11/15/21 15:28
Jonathan Majors,Saturday Night Live,47,11/14/21 18:29
Group a Semi-Final,The Masked Singer,6,11/12/21 0:58
Steroids,Trafficked with Mariana van Zeller,1,11/11/21 0:55
Janet Jackson Night,Dancing With the Stars,30,11/10/21 23:36
Kim Kardashian West,Saturday Night Live,47,11/7/21 15:43
Kieran Culkin,Saturday Night Live,47,11/7/21 15:41
Hammer the Abusers,Dopesick,1,11/7/21 2:15
"Coral Palms, Part 2",Brooklyn Nine-Nine,4,11/5/21 2:02
Queen Night,Dancing With the Stars,30,11/3/21 0:37
Bureau,Brooklyn Nine-Nine,3,11/1/21 19:52
BA’AL,American Horror Stories,1,11/1/21 0:58
Drive In,American Horror Stories,1,10/31/21 23:40
Rubber(wo)Man Part Two,American Horror Stories,1,10/30/21 19:28
Rubber(wo)Man Part One,American Horror Stories,1,10/30/21 18:26
The Whistleblower,Dopesick,1,10/30/21 4:18
Jason Sudeikis,Saturday Night Live,47,10/30/21 1:57
All-Time Countdown,The Masked Singer,6,10/30/21 0:49
Pseudo-Addiction,Dopesick,1,10/29/21 3:11
Horror Night,Dancing With the Stars,30,10/27/21 1:16
The 5th Vital Sign,Dopesick,1,10/25/21 2:30
Rock Hard,Family Guy,20,10/24/21 23:12
LASIK Instinct,Family Guy,20,10/24/21 22:56
Breakthrough Pain,Dopesick,1,10/24/21 3:14
First Bottle,Dopesick,1,10/23/21 19:00
Death Has a Shadow,Family Guy,1,10/22/21 21:32
The Wilderness,The Handmaid's Tale,4,10/20/21 7:34
Open and Shut,Only Murders in the Building,1,10/20/21 2:55
Grease Night,Dancing With the Stars,30,10/20/21 1:46
Progress,The Handmaid's Tale,4,10/19/21 8:07
Rami Malek,Saturday Night Live,47,10/17/21 22:00
Date Night,The Masked Singer,6,10/16/21 1:21
Mask-Matics: Group B Playoffs,The Masked Singer,3,10/16/21 0:09
Double Time,Only Murders in the Building,1,10/15/21 2:54
Kansas vs. #11 Baylor (W Volleyball),Women's College Volleyball,N/A,10/15/21 1:07
Disney Week: Villains Night,Dancing With the Stars,30,10/13/21 23:58
Disney Week: Heroes Night,Dancing With the Stars,30,10/13/21 0:41
A Brand New Six Pack: Group B Kickoff!,The Masked Singer,3,10/12/21 17:59
Masking for a Friend: Group A,The Masked Singer,3,10/12/21 1:43
The Playoffs: Group A,The Masked Singer,3,10/11/21 23:01
The Season Kick off Mask Off: Group A,The Masked Singer,3,10/11/21 22:09
Dopesick Trailer,N/A,N/A,10/10/21 18:07
Chippendales Murder,ABC 20/20,44,10/10/21 13:41
Testimony,The Handmaid's Tale,4,10/6/21 4:49
Fan Fiction,Only Murders in the Building,1,10/6/21 2:29
Britney Night,Dancing With the Stars,30,10/6/21 2:19
Home,The Handmaid's Tale,4,10/3/21 6:47
Vows,The Handmaid's Tale,4,10/3/21 5:15
Chicago,The Handmaid's Tale,4,10/3/21 4:14
Milk,The Handmaid's Tale,4,10/2/21 7:13
The Crossing,The Handmaid's Tale,4,10/1/21 7:22
Nightshade,The Handmaid's Tale,4,10/1/21 6:16
The Auditions Begin,Alter Ego,1,10/1/21 2:03
Group B Premiere,The Masked Singer,6,10/1/21 2:03
Pigs,The Handmaid's Tale,4,9/30/21 9:01
Mayday,The Handmaid's Tale,3,9/30/21 7:54
Sacrifice,The Handmaid's Tale,3,9/30/21 6:23
The Boy from 6B,Only Murders in the Building,1,9/30/21 2:33
First Elimination,Dancing With the Stars,30,9/29/21 1:13
"2 Night Season Premiere, Part ",The Masked Singer,6,9/28/21 2:01
2: Back to School,,,
"2 Night Season Premiere, Part ",The Masked Singer,6,9/28/21 1:05
1: Group a Premiere,,,
Career Days,This Is Us,1,9/24/21 23:46
Ever After,Nine Perfect Strangers,1,9/24/21 3:10
The Game Plan,This Is Us,1,9/23/21 23:32
To Protect and Serve,Only Murders in the Building,1,9/22/21 2:59
Season 30 Premiere,Dancing With the Stars,30,9/21/21 23:53
Master Build - Day & Night,Lego Masters,2,9/19/21 20:33
Move Fast & Vape Things,The New York Times Presents,1,9/19/21 19:47
Twist,Only Murders in the Building,1,9/17/21 21:19
The Sting,Only Murders in the Building,1,9/17/21 19:37
The Pool,This Is Us,1,9/17/21 0:05
How Well Do You Know Your Neighbors?,Only Murders in the Building,1,9/16/21 3:16
Wheels on the Bus,Nine Perfect Strangers,1,9/16/21 2:37
Kyle,This Is Us,1,9/15/21 23:16
Who Is Tim Kono?,Only Murders in the Building,1,9/15/21 3:13
True Crime,Only Murders in the Building,1,9/15/21 2:38
National Finals 3,American Ninja Warrior,13,9/15/21 1:59
The Big Three,This Is Us,1,9/14/21 23:42
Series Premiere,This Is Us,1,9/13/21 23:29
Motherlode,Nine Perfect Strangers,1,9/10/21 19:31
Sweet Surrender,Nine Perfect Strangers,1,9/10/21 2:48
Brave New World,Nine Perfect Strangers,1,9/9/21 3:32
Semi-Finals 1,America's Got Talent,16,9/8/21 23:45
Earth Day,Nine Perfect Strangers,1,9/8/21 23:44
Cliffhanger!,Lego Masters,2,9/8/21 23:42
The Critical Path,Nine Perfect Strangers,1,9/8/21 3:44
National Finals 2,American Ninja Warrior,13,9/8/21 2:49
Random Acts of Mayhem,Nine Perfect Strangers,1,9/8/21 2:22
Grabbing at Smoke,Sasquatch,1,9/6/21 18:38
Flip My Block,Lego Masters,2,9/5/21 2:13
Land & Sea,Lego Masters,2,9/1/21 0:09
Shed Hack,Making It,3,8/28/21 2:23
Quarterfinals 2,America's Got Talent,16,8/25/21 1:56
Semifinals 3,American Ninja Warrior,13,8/22/21 5:04
Puppet Masters,Lego Masters,2,8/22/21 2:26
Take It Out Back,Making It,3,8/21/21 22:29
Bricking Wind,Lego Masters,2,8/18/21 1:49
Semifinals 2,American Ninja Warrior,13,8/16/21 23:47
Re-Making Memories,Making It,3,8/15/21 23:49
Quarterfinals Results 1,America's Got Talent,16,8/13/21 23:19
Quarterfinals 1,America's Got Talent,16,8/13/21 23:19
Nomadland: Vanguard Featurette,N/A,N/A,8/8/21 3:42
Nomadland: Pioneers in a Modern America Featurette,N/A,N/A,8/8/21 3:38
Nomadland: Journey of Hope Featurette,N/A,N/A,8/8/21 3:34
Nomadland,N/A,N/A,8/8/21 3:28
Make Yourself at Home,Making It,3,7/23/21 23:42
Episode 205,Mental Samurai,2,7/23/21 0:26
Episode 204,Mental Samurai,2,7/23/21 0:26
Episode 203,Mental Samurai,2,7/22/21 23:36
Demolition Derby,Lego Masters,2,7/22/21 22:49
From the Window to the Taj Mah-Wall,Ellen's Game of Games,4,7/22/21 2:57
Semifinals 1,American Ninja Warrior,13,7/22/21 2:46
Auditions 8,America's Got Talent,16,7/21/21 23:09
Auditions 3,America's Got Talent,16,7/21/21 2:45
Auditions 5,America's Got Talent,16,7/21/21 2:32
Auditions 2,America's Got Talent,16,7/19/21 0:51
Auditions 4,America's Got Talent,16,7/18/21 21:30
Auditions 6,America's Got Talent,16,7/18/21 19:58
Auditions 7,America's Got Talent,16,7/17/21 19:47
All the Holidays at Once,Making It,3,7/17/21 17:53
Qualifiers 5,American Ninja Warrior,13,7/14/21 3:18
Nomadland - Trailer,N/A,N/A,7/10/21 2:25
Expand Your World,Making It,3,7/10/21 1:54
One Floating Brick,Lego Masters,2,7/9/21 3:30
Random Crafts of Kindness,Making It,3,7/3/21 1:10
Qualifiers 4,American Ninja Warrior,13,6/30/21 0:31
Qualifiers 3,American Ninja Warrior,13,6/29/21 12:59
One in a Million,Making It,3,6/26/21 12:24
Hats Incredible!,Lego Masters,2,6/26/21 2:54
Make and Shake,Lego Masters,2,6/25/21 2:43
Zoey's Extraordinary Return,Zoey's Extraordinary Playlist,2,6/22/21 1:39
Qualifiers 2,American Ninja Warrior,13,6/13/21 1:23
Episode 202,Mental Samurai,2,6/12/21 1:52
Hero Shot!,Lego Masters,2,6/12/21 1:51
Qualifiers 1,American Ninja Warrior,13,6/4/21 2:56
Episode 201,Mental Samurai,2,6/3/21 0:28
LEGO Day Parade,Lego Masters,2,6/2/21 23:45
Anya Taylor-Joy,Saturday Night Live,46,5/28/21 0:25
Finale,The Masked Singer,5,5/28/21 0:25
If This Be… M.O.D.O.K.!,Marvel's M.O.D.O.K.,1,5/22/21 23:45
Central Regional Finals,The Titan Games,2,5/21/21 0:39
Semifinals,The Masked Singer,5,5/21/21 0:39
No Better Than Dogs,Big Sky,1,5/19/21 23:36
All Kinds of Snakes,Big Sky,1,5/19/21 22:46
Keegan-Michael Key,Saturday Night Live,46,5/17/21 2:27
The American Ninja Warrior Women's Championship,American Ninja Warrior,12,5/16/21 3:13
The Quarter Finals - Five Fan Favorites,The Masked Singer,5,5/14/21 1:52
Central Region 2: The Rock Meets Doc Thor,The Titan Games,2,5/8/21 18:22
The Titan Games Premiere,The Titan Games,2,5/8/21 17:25
Finals 2,American Ninja Warrior,12,5/8/21 15:45
The Spicy 6 - The Competition Heats Up!,The Masked Singer,5,5/8/21 15:03
The Sing-A-Long: The Maskie Awards,The Masked Singer,5,5/1/21 3:27
Finals 1,American Ninja Warrior,12,4/26/21 0:49
Carey Mulligan,Saturday Night Live,46,4/24/21 1:19
Guess Who's Coming to the Wedding?,The Golden Girls,1,4/23/21 3:16
Super 8 - The Plot Chickens!,The Masked Singer,5,4/23/21 3:16
Fight or Flight,Snowfall,4,4/23/21 0:17
Catastrophic Thinking,Big Sky,1,4/19/21 1:32
Group A Finals - In the Nick of Time!,The Masked Singer,5,4/17/21 23:39
Sleeping Dogs,Snowfall,4,4/16/21 0:02
Betrayal,Snowfall,4,4/12/21 0:46
The Quantum Ring,Solar Opposites,1,4/4/21 22:50
The Unstable Grey Hole,Solar Opposites,1,4/4/21 22:50
Maya Rudolph,Saturday Night Live,46,4/4/21 17:08
Daniel Kaluuya,Saturday Night Live,46,4/4/21 17:07
The Spark,Little Fires Everywhere,1,4/2/21 7:51
"Through a Glass, Darkly",Snowfall,4,4/2/21 1:18
The Autumn of Break-Ups,How I Met Your Mother,8,3/29/21 19:21
Who Wants to Be a Godparent?,How I Met Your Mother,8,3/29/21 19:07
Nannies,How I Met Your Mother,8,3/29/21 18:33
Sebatstian and Lana Maniscalco Play Fast Money,N/A,N/A,3/29/21 0:23
Boxers Ryan Garcia and Shawn ,N/A,N/A,3/29/21 0:23
"""Showtime"" Porter Play Fast ",,,
Money,,,
Say a Little Prayer,Snowfall,4,3/26/21 1:09
The Get Back,Snowfall,4,3/19/21 0:32
Pilot,Mom,1,3/17/21 5:22
"Last Forever, Part 2",How I Met Your Mother,9,3/17/21 5:22
"Last Forever, Part 1",How I Met Your Mother,9,3/17/21 4:55
The End of the Aisle,How I Met Your Mother,9,3/16/21 8:08
Gary Blauman,How I Met Your Mother,9,3/16/21 7:44
Daisy,How I Met Your Mother,9,3/16/21 7:22
Vesuvius,How I Met Your Mother,9,3/16/21 6:57
Rally,How I Met Your Mother,9,3/16/21 5:29
Sunrise,How I Met Your Mother,9,3/16/21 5:08
How Your Mother Met Me,How I Met Your Mother,9,3/16/21 4:43
Unpause,How I Met Your Mother,9,3/14/21 10:36
Slapsgiving 3: Slappointment in Slapmarra,How I Met Your Mother,9,3/14/21 7:52
Bass Player Wanted,How I Met Your Mother,9,3/14/21 7:25
The Rehearsal Dinner,How I Met Your Mother,9,3/14/21 6:59
Expansion,Snowfall,4,3/12/21 1:10
Bedtime Stories,How I Met Your Mother,9,3/11/21 9:26
Mom and Dad,How I Met Your Mother,9,3/11/21 8:59
Platonish,How I Met Your Mother,9,3/11/21 6:48
The Lighthouse,How I Met Your Mother,9,3/11/21 6:24
No Questions Asked,How I Met Your Mother,9,3/11/21 5:56
Knight Vision,How I Met Your Mother,9,3/11/21 5:29
The Poker Game,How I Met Your Mother,9,3/11/21 5:06
The Broken Code,How I Met Your Mother,9,3/11/21 4:30
Last Time in New York,How I Met Your Mother,9,3/8/21 8:54
Coming Back,How I Met Your Mother,9,3/8/21 8:28
The Locket,How I Met Your Mother,9,3/7/21 7:22
Something New,How I Met Your Mother,8,3/7/21 6:57
Something Old,How I Met Your Mother,8,3/7/21 6:30
The Bro Mitzvah,How I Met Your Mother,8,3/7/21 6:04
Romeword Bound,How I Met Your Mother,8,3/7/21 5:39
Weekend at Barney's,How I Met Your Mother,8,3/7/21 5:36
The Time Travelers,How I Met Your Mother,8,3/5/21 10:01
The Fortress,How I Met Your Mother,8,3/5/21 9:36
The Ashtray,How I Met Your Mother,8,3/5/21 8:18
Bad Crazy,How I Met Your Mother,8,3/5/21 7:55
P.S. I Love You,How I Met Your Mother,8,3/5/21 7:28
Ring Up!,How I Met Your Mother,8,3/5/21 7:02
Band or DJ?,How I Met Your Mother,8,3/5/21 6:34
"The Final Page, Part 2",How I Met Your Mother,8,3/5/21 6:09
"The Final Page, Part 1",How I Met Your Mother,8,3/5/21 5:43
The Over-Correction,How I Met Your Mother,8,3/5/21 5:15
Lobster Crawl,How I Met Your Mother,8,3/5/21 4:48
Twelve Horny Women,How I Met Your Mother,8,3/5/21 4:21
All The Way Down,Snowfall,4,3/5/21 1:40
The Stamp Tramp,How I Met Your Mother,8,3/3/21 6:54
Splitsville,How I Met Your Mother,8,3/2/21 8:35
The Pre-Nup,How I Met Your Mother,8,3/2/21 1:41
Farhampton,How I Met Your Mother,8,3/2/21 1:16
"The Magician's Code, Part II",How I Met Your Mother,7,3/2/21 0:49
"The Magician's Code, Part I",How I Met Your Mother,7,3/1/21 23:53
Good Crazy,How I Met Your Mother,7,3/1/21 6:58
Now We're Even,How I Met Your Mother,7,3/1/21 6:35
Trilogy Time,How I Met Your Mother,7,3/1/21 6:10
The Broath,How I Met Your Mother,7,3/1/21 5:47
Karma,How I Met Your Mother,7,2/26/21 8:43
Weight,Snowfall,4,2/26/21 2:22
Re-Entry,Snowfall,4,2/26/21 1:07
Rege-Jean Page,Saturday Night Live,46,2/21/21 17:31
Derek DelGaudio’s In & Of Itself,N/A,N/A,2/19/21 2:26
No Pressure,How I Met Your Mother,7,2/18/21 10:01
Let It Be Him,Big Sky,1,2/18/21 1:50
The End Is Near,Big Sky,1,2/18/21 0:50
I Fall to Pieces,Big Sky,1,2/17/21 23:52
The Drunk Train,How I Met Your Mother,7,2/17/21 9:07
The Burning Beekeeper,How I Met Your Mother,7,2/17/21 8:38
The Wolves Are Always Out for Blood,Big Sky,1,2/12/21 2:41
46 Minutes,How I Met Your Mother,7,2/6/21 8:37
John Krasinski,Saturday Night Live,46,1/31/21 22:19
Tailgate,How I Met Your Mother,7,1/17/21 6:05
Symphony of Illumination,How I Met Your Mother,7,1/12/21 10:43
,,,
,,,
,,,
,,,
,,,
,,,
,,,
,,,
,,,
,,,
,,,
,,,
,,,
,,,
,,,
,,,
,,,
,,,
,,,
,,,
,,,
,,,
,,,
,,,
,,,
,,,